{
  "project" : {
    "id" : "crossfitapp-1152999-ocC",
    "name" : "crossfitapp-1152999-ocC",
    "folder" : "/jaicp"
  },
  "settings" : {
    "language" : "ru",
    "spellingCorrection" : false,
    "classificationAlgorithm" : "sts",
    "timezone" : "UTC",
    "businessShared" : false,
    "business" : false
  },
  "intents" : [ ],
  "entities" : [ ],
  "enabledSystemEntities" : [ "duckling.number", "duckling.time", "duckling.duration", "duckling.phone-number", "duckling.email", "duckling.url" ]
}